PrognLL_Brin,PrognLL_ImportJaar,PrognLL_PrognoseJaar,PrognLL_AantalLL,PrognLL_InvoerWie,PrognLL_InvoerWanneer
21ND00,2011,2011,191,eneheuvel,23-09-11
21ND00,2011,2016,167,eneheuvel,23-09-11
21ND00,2011,2017,163,eneheuvel,23-09-11
21ND00,2011,2018,160,eneheuvel,23-09-11
21ND00,2011,2019,161,eneheuvel,23-09-11
21ND00,2011,2020,162,eneheuvel,23-09-11
21ND00,2011,2025,161,eneheuvel,23-09-11
21ND00,2011,2030,161,eneheuvel,23-09-11
21ND00,2011,2035,160,eneheuvel,23-09-11
21ND00,2011,2012,182,eneheuvel,23-09-11
21ND00,2011,2013,173,eneheuvel,23-09-11
21ND00,2011,2014,173,eneheuvel,23-09-11
21ND00,2011,2015,169,eneheuvel,23-09-11
22KP00,2010,2010,388,eneheuvel,23-09-11
22KP00,2011,2011,406,eneheuvel,23-09-11
22KP00,2011,2016,352,eneheuvel,23-09-11
22KP00,2011,2017,338,eneheuvel,23-09-11
22KP00,2011,2018,324,eneheuvel,23-09-11
22KP00,2011,2019,327,eneheuvel,23-09-11
22KP00,2011,2020,332,eneheuvel,23-09-11
22KP00,2011,2025,332,eneheuvel,23-09-11
22KP00,2011,2030,333,eneheuvel,23-09-11
22KP00,2011,2035,332,eneheuvel,23-09-11
22KP00,2011,2012,405,eneheuvel,23-09-11
22KP00,2011,2013,400,eneheuvel,23-09-11
22KP00,2011,2014,388,eneheuvel,23-09-11
22KP00,2011,2015,373,eneheuvel,23-09-11
22KQ00,2010,2010,147,eneheuvel,23-09-11
23ER00,2010,2010,154,eneheuvel,23-09-11
23ER00,2011,2011,123,eneheuvel,23-09-11
23ER00,2011,2016,115,eneheuvel,23-09-11
23ER00,2011,2017,119,eneheuvel,23-09-11
23ER00,2011,2018,124,eneheuvel,23-09-11
23ER00,2011,2019,125,eneheuvel,23-09-11
23ER00,2011,2020,125,eneheuvel,23-09-11
23ER00,2011,2025,127,eneheuvel,23-09-11
23ER00,2011,2030,129,eneheuvel,23-09-11
23ER00,2011,2035,129,eneheuvel,23-09-11
23ER00,2011,2012,113,eneheuvel,23-09-11
23ER00,2011,2013,110,eneheuvel,23-09-11
23ER00,2011,2014,110,eneheuvel,23-09-11
23ER00,2011,2015,111,eneheuvel,23-09-11
23ET00,2010,2010,181,eneheuvel,23-09-11
23ET00,2011,2011,178,eneheuvel,23-09-11
23ET00,2011,2016,163,eneheuvel,23-09-11
23ET00,2011,2017,163,eneheuvel,23-09-11
23ET00,2011,2018,164,eneheuvel,23-09-11
23ET00,2011,2019,161,eneheuvel,23-09-11
23ET00,2011,2020,158,eneheuvel,23-09-11
23ET00,2011,2025,155,eneheuvel,23-09-11
23ET00,2011,2030,157,eneheuvel,23-09-11
23ET00,2011,2035,157,eneheuvel,23-09-11
23ET00,2011,2012,175,eneheuvel,23-09-11
23ET00,2011,2013,171,eneheuvel,23-09-11
23ET00,2011,2014,166,eneheuvel,23-09-11
23ET00,2011,2015,164,eneheuvel,23-09-11
23EU00,2010,2010,212,eneheuvel,23-09-11
23EU00,2011,2011,212,eneheuvel,23-09-11
23EU00,2011,2016,188,eneheuvel,23-09-11
23EU00,2011,2017,194,eneheuvel,23-09-11
23EU00,2011,2018,201,eneheuvel,23-09-11
23EU00,2011,2019,203,eneheuvel,23-09-11
23EU00,2011,2020,203,eneheuvel,23-09-11
23EU00,2011,2025,210,eneheuvel,23-09-11
23EU00,2011,2030,211,eneheuvel,23-09-11
23EU00,2011,2035,212,eneheuvel,23-09-11
23EU00,2011,2012,200,eneheuvel,23-09-11
23EU00,2011,2013,194,eneheuvel,23-09-11
23EU00,2011,2014,188,eneheuvel,23-09-11
23EU00,2011,2015,186,eneheuvel,23-09-11
23EV00,2010,2010,297,eneheuvel,23-09-11
23EV00,2011,2011,271,eneheuvel,23-09-11
23EV00,2011,2016,247,eneheuvel,23-09-11
23EV00,2011,2017,252,eneheuvel,23-09-11
23EV00,2011,2018,258,eneheuvel,23-09-11
23EV00,2011,2019,260,eneheuvel,23-09-11
23EV00,2011,2020,260,eneheuvel,23-09-11
23EV00,2011,2025,261,eneheuvel,23-09-11
23EV00,2011,2030,261,eneheuvel,23-09-11
23EV00,2011,2035,260,eneheuvel,23-09-11
23EV00,2011,2012,260,eneheuvel,23-09-11
23EV00,2011,2013,252,eneheuvel,23-09-11
23EV00,2011,2014,247,eneheuvel,23-09-11
23EV00,2011,2015,245,eneheuvel,23-09-11
23EY00,2010,2010,332,eneheuvel,23-09-11
23EY00,2011,2011,345,eneheuvel,23-09-11
23EY00,2011,2016,305,eneheuvel,23-09-11
23EY00,2011,2017,301,eneheuvel,23-09-11
23EY00,2011,2018,297,eneheuvel,23-09-11
23EY00,2011,2019,299,eneheuvel,23-09-11
23EY00,2011,2020,301,eneheuvel,23-09-11
23EY00,2011,2025,306,eneheuvel,23-09-11
23EY00,2011,2030,308,eneheuvel,23-09-11
23EY00,2011,2035,308,eneheuvel,23-09-11
23EY00,2011,2012,340,eneheuvel,23-09-11
23EY00,2011,2013,332,eneheuvel,23-09-11
23EY00,2011,2014,321,eneheuvel,23-09-11
23EY00,2011,2015,311,eneheuvel,23-09-11
23ZU00,2010,2010,549,eneheuvel,23-09-11
23ZU00,2011,2011,601,eneheuvel,23-09-11
23ZU00,2011,2016,462,eneheuvel,23-09-11
23ZU00,2011,2017,439,eneheuvel,23-09-11
23ZU00,2011,2018,420,eneheuvel,23-09-11
23ZU00,2011,2019,418,eneheuvel,23-09-11
23ZU00,2011,2020,417,eneheuvel,23-09-11
23ZU00,2011,2025,420,eneheuvel,23-09-11
23ZU00,2011,2030,424,eneheuvel,23-09-11
23ZU00,2011,2035,428,eneheuvel,23-09-11
23ZU00,2011,2012,579,eneheuvel,23-09-11
23ZU00,2011,2013,556,eneheuvel,23-09-11
23ZU00,2011,2014,517,eneheuvel,23-09-11
23ZU00,2011,2015,489,eneheuvel,23-09-11
23ZV00,2010,2010,263,eneheuvel,23-09-11
23ZV00,2011,2011,225,eneheuvel,23-09-11
23ZV00,2011,2016,180,eneheuvel,23-09-11
23ZV00,2011,2017,180,eneheuvel,23-09-11
23ZV00,2011,2018,183,eneheuvel,23-09-11
23ZV00,2011,2019,182,eneheuvel,23-09-11
23ZV00,2011,2020,181,eneheuvel,23-09-11
06RM00,2010,2010,242,eneheuvel,23-09-11
06RM00,2011,2011,207,eneheuvel,23-09-11
06RM00,2011,2012,199,eneheuvel,23-09-11
06RM00,2011,2017,190,eneheuvel,23-09-11
06RM00,2011,2018,193,eneheuvel,23-09-11
06RM00,2011,2019,194,eneheuvel,23-09-11
06RM00,2011,2020,195,eneheuvel,23-09-11
06RM00,2011,2025,206,eneheuvel,23-09-11
06RM00,2011,2030,223,eneheuvel,23-09-11
06RM00,2011,2035,240,eneheuvel,23-09-11
06RM00,2011,2013,192,eneheuvel,23-09-11
06RM00,2011,2014,188,eneheuvel,23-09-11
06RM00,2011,2015,186,eneheuvel,23-09-11
06RM00,2011,2016,188,eneheuvel,23-09-11
12HU00,2010,2010,106,eneheuvel,23-09-11
12HU00,2011,2011,87,eneheuvel,23-09-11
12HU00,2011,2012,87,eneheuvel,23-09-11
12HU00,2011,2017,96,eneheuvel,23-09-11
12HU00,2011,2018,100,eneheuvel,23-09-11
12HU00,2011,2019,101,eneheuvel,23-09-11
12HU00,2011,2020,102,eneheuvel,23-09-11
12HU00,2011,2025,108,eneheuvel,23-09-11
12HU00,2011,2030,120,eneheuvel,23-09-11
12HU00,2011,2035,130,eneheuvel,23-09-11
12HU00,2011,2013,85,eneheuvel,23-09-11
12HU00,2011,2014,86,eneheuvel,23-09-11
12HU00,2011,2015,89,eneheuvel,23-09-11
12HU00,2011,2016,92,eneheuvel,23-09-11
12PM00,2010,2010,211,eneheuvel,23-09-11
12PM00,2011,2011,175,eneheuvel,23-09-11
12PM00,2011,2012,167,eneheuvel,23-09-11
12PM00,2011,2017,199,eneheuvel,23-09-11
12PM00,2011,2018,208,eneheuvel,23-09-11
12PM00,2011,2019,211,eneheuvel,23-09-11
12PM00,2011,2020,213,eneheuvel,23-09-11
12PM00,2011,2025,220,eneheuvel,23-09-11
12PM00,2011,2030,218,eneheuvel,23-09-11
12PM00,2011,2035,211,eneheuvel,23-09-11
12PM00,2011,2013,166,eneheuvel,23-09-11
12PM00,2011,2014,173,eneheuvel,23-09-11
12PM00,2011,2015,179,eneheuvel,23-09-11
12PM00,2011,2016,188,eneheuvel,23-09-11
12QK00,2010,2010,246,eneheuvel,23-09-11
12QK00,2011,2011,231,eneheuvel,23-09-11
12QK00,2011,2012,230,eneheuvel,23-09-11
12QK00,2011,2017,218,eneheuvel,23-09-11
12QK00,2011,2018,220,eneheuvel,23-09-11
12QK00,2011,2019,220,eneheuvel,23-09-11
12QK00,2011,2020,219,eneheuvel,23-09-11
12QK00,2011,2025,216,eneheuvel,23-09-11
12QK00,2011,2030,213,eneheuvel,23-09-11
12QK00,2011,2035,212,eneheuvel,23-09-11
12QK00,2011,2013,228,eneheuvel,23-09-11
12QK00,2011,2014,222,eneheuvel,23-09-11
12QK00,2011,2015,216,eneheuvel,23-09-11
12QK00,2011,2016,218,eneheuvel,23-09-11
12XA00,2010,2010,103,eneheuvel,23-09-11
12XA00,2011,2011,86,eneheuvel,23-09-11
12XA00,2011,2012,81,eneheuvel,23-09-11
12XA00,2011,2017,78,eneheuvel,23-09-11
12XA00,2011,2018,81,eneheuvel,23-09-11
12XA00,2011,2019,80,eneheuvel,23-09-11
12XA00,2011,2020,79,eneheuvel,23-09-11
12XA00,2011,2025,77,eneheuvel,23-09-11
12XA00,2011,2030,77,eneheuvel,23-09-11
12XA00,2011,2035,78,eneheuvel,23-09-11
12XA00,2011,2013,77,eneheuvel,23-09-11
12XA00,2011,2014,76,eneheuvel,23-09-11
12XA00,2011,2015,75,eneheuvel,23-09-11
12XA00,2011,2016,76,eneheuvel,23-09-11
13CW00,2010,2010,189,eneheuvel,23-09-11
13CW00,2011,2011,188,eneheuvel,23-09-11
13CW00,2011,2012,184,eneheuvel,23-09-11
13CW00,2011,2017,168,eneheuvel,23-09-11
13CW00,2011,2018,169,eneheuvel,23-09-11
13CW00,2011,2019,168,eneheuvel,23-09-11
13CW00,2011,2020,168,eneheuvel,23-09-11
13CW00,2011,2025,166,eneheuvel,23-09-11
13CW00,2011,2030,164,eneheuvel,23-09-11
13CW00,2011,2035,164,eneheuvel,23-09-11
13CW00,2011,2013,179,eneheuvel,23-09-11
13CW00,2011,2014,176,eneheuvel,23-09-11
13CW00,2011,2015,171,eneheuvel,23-09-11
13CW00,2011,2016,169,eneheuvel,23-09-11
13IF00,2010,2010,149,eneheuvel,23-09-11
13IF00,2011,2011,161,eneheuvel,23-09-11
13IF00,2011,2012,157,eneheuvel,23-09-11
13IF00,2011,2017,149,eneheuvel,23-09-11
13IF00,2011,2018,147,eneheuvel,23-09-11
13IF00,2011,2019,150,eneheuvel,23-09-11
13IF00,2011,2020,151,eneheuvel,23-09-11
13IF00,2011,2025,154,eneheuvel,23-09-11
13IF00,2011,2030,152,eneheuvel,23-09-11
13IF00,2011,2035,150,eneheuvel,23-09-11
13IF00,2011,2013,158,eneheuvel,23-09-11
13IF00,2011,2014,156,eneheuvel,23-09-11
13IF00,2011,2015,151,eneheuvel,23-09-11
13IF00,2011,2016,150,eneheuvel,23-09-11
13IU00,2010,2010,176,eneheuvel,23-09-11
13IU00,2011,2011,151,eneheuvel,23-09-11
13IU00,2011,2012,149,eneheuvel,23-09-11
13IU00,2011,2017,148,eneheuvel,23-09-11
13IU00,2011,2018,150,eneheuvel,23-09-11
13IU00,2011,2019,149,eneheuvel,23-09-11
13IU00,2011,2020,150,eneheuvel,23-09-11
13IU00,2011,2025,154,eneheuvel,23-09-11
13IU00,2011,2030,180,eneheuvel,23-09-11
13IU00,2011,2035,210,eneheuvel,23-09-11
13IU00,2011,2013,146,eneheuvel,23-09-11
13IU00,2011,2014,145,eneheuvel,23-09-11
13IU00,2011,2015,144,eneheuvel,23-09-11
13IU00,2011,2016,147,eneheuvel,23-09-11
13NH00,2010,2010,283,eneheuvel,23-09-11
13NH00,2011,2011,286,eneheuvel,23-09-11
13NH00,2011,2012,295,eneheuvel,23-09-11
13NH00,2011,2017,261,eneheuvel,23-09-11
13NH00,2011,2018,254,eneheuvel,23-09-11
13NH00,2011,2019,258,eneheuvel,23-09-11
13NH00,2011,2020,259,eneheuvel,23-09-11
13NH00,2011,2025,265,eneheuvel,23-09-11
13NH00,2011,2030,268,eneheuvel,23-09-11
13NH00,2011,2035,275,eneheuvel,23-09-11
13NH00,2011,2013,293,eneheuvel,23-09-11
13NH00,2011,2014,291,eneheuvel,23-09-11
13NH00,2011,2015,281,eneheuvel,23-09-11
13NH00,2011,2016,274,eneheuvel,23-09-11
13NU00,2010,2010,283,eneheuvel,23-09-11
13NU00,2011,2011,250,eneheuvel,23-09-11
13NU00,2011,2012,240,eneheuvel,23-09-11
13NU00,2011,2017,254,eneheuvel,23-09-11
13NU00,2011,2018,260,eneheuvel,23-09-11
13NU00,2011,2019,263,eneheuvel,23-09-11
13NU00,2011,2020,263,eneheuvel,23-09-11
13NU00,2011,2025,262,eneheuvel,23-09-11
13NU00,2011,2030,259,eneheuvel,23-09-11
13NU00,2011,2035,259,eneheuvel,23-09-11
13NU00,2011,2013,239,eneheuvel,23-09-11
13NU00,2011,2014,239,eneheuvel,23-09-11
13NU00,2011,2015,242,eneheuvel,23-09-11
13NU00,2011,2016,246,eneheuvel,23-09-11
14QC00,2010,2010,533,eneheuvel,23-09-11
14QC00,2011,2011,557,eneheuvel,23-09-11
14QC00,2011,2012,565,eneheuvel,23-09-11
14QC00,2011,2017,489,eneheuvel,23-09-11
14QC00,2011,2018,476,eneheuvel,23-09-11
14QC00,2011,2019,479,eneheuvel,23-09-11
14QC00,2011,2020,485,eneheuvel,23-09-11
14QC00,2011,2025,490,eneheuvel,23-09-11
14QC00,2011,2030,484,eneheuvel,23-09-11
14QC00,2011,2035,477,eneheuvel,23-09-11
14QC00,2011,2013,565,eneheuvel,23-09-11
14QC00,2011,2014,553,eneheuvel,23-09-11
14QC00,2011,2015,531,eneheuvel,23-09-11
14QC00,2011,2016,508,eneheuvel,23-09-11
14QC02,2010,2010,71,eneheuvel,23-09-11
14QC02,2011,2011,76,eneheuvel,23-09-11
14QC02,2011,2012,80,eneheuvel,23-09-11
14QC02,2011,2017,73,eneheuvel,23-09-11
14QC02,2011,2018,69,eneheuvel,23-09-11
14QC02,2011,2019,69,eneheuvel,23-09-11
14QC02,2011,2020,69,eneheuvel,23-09-11
14QC02,2011,2025,67,eneheuvel,23-09-11
14QC02,2011,2030,66,eneheuvel,23-09-11
14QC02,2011,2035,66,eneheuvel,23-09-11
14QC02,2011,2013,80,eneheuvel,23-09-11
14QC02,2011,2014,79,eneheuvel,23-09-11
14QC02,2011,2015,78,eneheuvel,23-09-11
14QC02,2011,2016,76,eneheuvel,23-09-11
15SJ00,2010,2010,319,eneheuvel,23-09-11
15ZL00,2010,2010,181,eneheuvel,23-09-11
15ZL01,2010,2010,171,eneheuvel,23-09-11
15ZL01,2011,2011,167,eneheuvel,23-09-11
15ZL01,2011,2012,172,eneheuvel,23-09-11
15ZL01,2011,2017,168,eneheuvel,23-09-11
15ZL01,2011,2018,167,eneheuvel,23-09-11
15ZL01,2011,2019,167,eneheuvel,23-09-11
15ZL01,2011,2020,166,eneheuvel,23-09-11
15ZL01,2011,2025,165,eneheuvel,23-09-11
15ZL01,2011,2030,164,eneheuvel,23-09-11
15ZL01,2011,2035,165,eneheuvel,23-09-11
15ZL01,2011,2013,171,eneheuvel,23-09-11
15ZL01,2011,2014,172,eneheuvel,23-09-11
15ZL01,2011,2015,172,eneheuvel,23-09-11
15ZL01,2011,2016,170,eneheuvel,23-09-11
16KK00,2010,2010,361,eneheuvel,23-09-11
16KK00,2011,2011,331,eneheuvel,23-09-11
16KK00,2011,2012,318,eneheuvel,23-09-11
16KK00,2011,2017,360,eneheuvel,23-09-11
16KK00,2011,2018,377,eneheuvel,23-09-11
16KK00,2011,2019,383,eneheuvel,23-09-11
16KK00,2011,2020,388,eneheuvel,23-09-11
16KK00,2011,2025,404,eneheuvel,23-09-11
16KK00,2011,2030,398,eneheuvel,23-09-11
16KK00,2011,2035,384,eneheuvel,23-09-11
16KK00,2011,2013,311,eneheuvel,23-09-11
16KK00,2011,2014,321,eneheuvel,23-09-11
16KK00,2011,2015,331,eneheuvel,23-09-11
16KK00,2011,2016,343,eneheuvel,23-09-11
16LJ00,2010,2010,131,eneheuvel,23-09-11
16LJ00,2011,2011,133,eneheuvel,23-09-11
16LJ00,2011,2012,127,eneheuvel,23-09-11
16LJ00,2011,2017,126,eneheuvel,23-09-11
16LJ00,2011,2018,129,eneheuvel,23-09-11
16LJ00,2011,2019,128,eneheuvel,23-09-11
16LJ00,2011,2020,129,eneheuvel,23-09-11
16LJ00,2011,2025,132,eneheuvel,23-09-11
16LJ00,2011,2030,140,eneheuvel,23-09-11
16LJ00,2011,2035,149,eneheuvel,23-09-11
16LJ00,2011,2013,124,eneheuvel,23-09-11
16LJ00,2011,2014,124,eneheuvel,23-09-11
16LJ00,2011,2015,123,eneheuvel,23-09-11
16LJ00,2011,2016,125,eneheuvel,23-09-11
16ML00,2010,2010,280,eneheuvel,23-09-11
16ML00,2011,2011,261,eneheuvel,23-09-11
16ML00,2011,2012,253,eneheuvel,23-09-11
16ML00,2011,2017,270,eneheuvel,23-09-11
16ML00,2011,2018,283,eneheuvel,23-09-11
16ML00,2011,2019,285,eneheuvel,23-09-11
16ML00,2011,2020,286,eneheuvel,23-09-11
16ML00,2011,2025,292,eneheuvel,23-09-11
16ML00,2011,2030,283,eneheuvel,23-09-11
16ML00,2011,2035,277,eneheuvel,23-09-11
16ML00,2011,2013,243,eneheuvel,23-09-11
16ML00,2011,2014,252,eneheuvel,23-09-11
16ML00,2011,2015,256,eneheuvel,23-09-11
16ML00,2011,2016,263,eneheuvel,23-09-11
16OC00,2010,2010,419,eneheuvel,23-09-11
16OC00,2011,2011,342,eneheuvel,23-09-11
16OC00,2011,2012,350,eneheuvel,23-09-11
16OC00,2011,2017,287,eneheuvel,23-09-11
16OC00,2011,2018,269,eneheuvel,23-09-11
16OC00,2011,2019,268,eneheuvel,23-09-11
16OC00,2011,2020,270,eneheuvel,23-09-11
16OC00,2011,2025,280,eneheuvel,23-09-11
16OC00,2011,2030,315,eneheuvel,23-09-11
16OC00,2011,2035,345,eneheuvel,23-09-11
16OC00,2011,2013,357,eneheuvel,23-09-11
16OC00,2011,2014,348,eneheuvel,23-09-11
16OC00,2011,2015,334,eneheuvel,23-09-11
16OC00,2011,2016,310,eneheuvel,23-09-11
AJ4900,2011,2011,171,eneheuvel,23-09-11
AJ4900,2011,2012,158,eneheuvel,23-09-11
AJ4900,2011,2017,137,eneheuvel,23-09-11
AJ4900,2011,2018,139,eneheuvel,23-09-11
AJ4900,2011,2019,141,eneheuvel,23-09-11
AJ4900,2011,2020,144,eneheuvel,23-09-11
AJ4900,2011,2025,163,eneheuvel,23-09-11
AJ4900,2011,2030,184,eneheuvel,23-09-11
AJ4900,2011,2035,202,eneheuvel,23-09-11
AJ4900,2011,2013,138,eneheuvel,23-09-11
AJ4900,2011,2014,138,eneheuvel,23-09-11
AJ4900,2011,2015,138,eneheuvel,23-09-11
AJ4900,2011,2016,137,eneheuvel,23-09-11
16UK00,2010,2010,156,eneheuvel,23-09-11
16UK00,2011,2011,132,eneheuvel,23-09-11
16UK00,2011,2012,126,eneheuvel,23-09-11
16UK00,2011,2017,158,eneheuvel,23-09-11
16UK00,2011,2018,168,eneheuvel,23-09-11
16UK00,2011,2019,173,eneheuvel,23-09-11
16UK00,2011,2020,178,eneheuvel,23-09-11
16UK00,2011,2025,187,eneheuvel,23-09-11
16UK00,2011,2030,193,eneheuvel,23-09-11
16UK00,2011,2035,185,eneheuvel,23-09-11
16UK00,2011,2013,128,eneheuvel,23-09-11
16UK00,2011,2014,131,eneheuvel,23-09-11
16UK00,2011,2015,137,eneheuvel,23-09-11
16UK00,2011,2016,147,eneheuvel,23-09-11
16WV00,2010,2010,157,eneheuvel,23-09-11
16WV00,2011,2011,151,eneheuvel,23-09-11
16WV00,2011,2012,154,eneheuvel,23-09-11
16WV00,2011,2017,145,eneheuvel,23-09-11
16WV00,2011,2018,146,eneheuvel,23-09-11
16WV00,2011,2019,145,eneheuvel,23-09-11
16WV00,2011,2020,144,eneheuvel,23-09-11
16WV00,2011,2025,148,eneheuvel,23-09-11
16WV00,2011,2030,168,eneheuvel,23-09-11
16WV00,2011,2035,189,eneheuvel,23-09-11
16WV00,2011,2013,150,eneheuvel,23-09-11
16WV00,2011,2014,148,eneheuvel,23-09-11
16WV00,2011,2015,144,eneheuvel,23-09-11
16WV00,2011,2016,143,eneheuvel,23-09-11
16YS00,2010,2010,197,eneheuvel,23-09-11
16YS00,2011,2011,196,eneheuvel,23-09-11
16YS00,2011,2012,202,eneheuvel,23-09-11
16YS00,2011,2017,187,eneheuvel,23-09-11
16YS00,2011,2018,187,eneheuvel,23-09-11
16YS00,2011,2019,186,eneheuvel,23-09-11
16YS00,2011,2020,184,eneheuvel,23-09-11
16YS00,2011,2025,188,eneheuvel,23-09-11
16YS00,2011,2030,207,eneheuvel,23-09-11
16YS00,2011,2035,227,eneheuvel,23-09-11
16YS00,2011,2013,196,eneheuvel,23-09-11
16YS00,2011,2014,193,eneheuvel,23-09-11
16YS00,2011,2015,188,eneheuvel,23-09-11
16YS00,2011,2016,186,eneheuvel,23-09-11
16ZG00,2010,2010,152,eneheuvel,23-09-11
16ZG00,2011,2011,126,eneheuvel,23-09-11
16ZG00,2011,2016,126,eneheuvel,23-09-11
16ZG00,2011,2017,129,eneheuvel,23-09-11
16ZG00,2011,2018,131,eneheuvel,23-09-11
16ZG00,2011,2019,130,eneheuvel,23-09-11
16ZG00,2011,2020,129,eneheuvel,23-09-11
16ZG00,2011,2025,125,eneheuvel,23-09-11
16ZG00,2011,2030,126,eneheuvel,23-09-11
16ZG00,2011,2035,128,eneheuvel,23-09-11
16ZG00,2011,2012,124,eneheuvel,23-09-11
16ZG00,2011,2013,122,eneheuvel,23-09-11
16ZG00,2011,2014,122,eneheuvel,23-09-11
16ZG00,2011,2015,124,eneheuvel,23-09-11
16ZX00,2010,2010,108,eneheuvel,23-09-11
16ZX00,2011,2011,94,eneheuvel,23-09-11
16ZX00,2011,2016,90,eneheuvel,23-09-11
16ZX00,2011,2017,91,eneheuvel,23-09-11
16ZX00,2011,2018,94,eneheuvel,23-09-11
16ZX00,2011,2019,95,eneheuvel,23-09-11
16ZX00,2011,2020,94,eneheuvel,23-09-11
16ZX00,2011,2025,94,eneheuvel,23-09-11
16ZX00,2011,2030,95,eneheuvel,23-09-11
16ZX00,2011,2035,95,eneheuvel,23-09-11
16ZX00,2011,2012,97,eneheuvel,23-09-11
16ZX00,2011,2013,95,eneheuvel,23-09-11
16ZX00,2011,2014,93,eneheuvel,23-09-11
16ZX00,2011,2015,90,eneheuvel,23-09-11
17AK00,2010,2010,145,eneheuvel,23-09-11
17AK00,2011,2011,140,eneheuvel,23-09-11
17AK00,2011,2016,130,eneheuvel,23-09-11
17AK00,2011,2017,130,eneheuvel,23-09-11
17AK00,2011,2018,131,eneheuvel,23-09-11
17AK00,2011,2019,130,eneheuvel,23-09-11
17AK00,2011,2020,130,eneheuvel,23-09-11
17AK00,2011,2025,128,eneheuvel,23-09-11
17AK00,2011,2030,126,eneheuvel,23-09-11
17AK00,2011,2035,126,eneheuvel,23-09-11
17AK00,2011,2012,134,eneheuvel,23-09-11
17AK00,2011,2013,132,eneheuvel,23-09-11
17AK00,2011,2014,131,eneheuvel,23-09-11
17AK00,2011,2015,129,eneheuvel,23-09-11
17AV00,2010,2010,161,eneheuvel,23-09-11
17AV00,2011,2011,147,eneheuvel,23-09-11
17AV00,2011,2016,145,eneheuvel,23-09-11
17AV00,2011,2017,145,eneheuvel,23-09-11
17AV00,2011,2018,146,eneheuvel,23-09-11
17AV00,2011,2019,146,eneheuvel,23-09-11
17AV00,2011,2020,146,eneheuvel,23-09-11
17AV00,2011,2025,143,eneheuvel,23-09-11
17AV00,2011,2030,140,eneheuvel,23-09-11
17AV00,2011,2035,140,eneheuvel,23-09-11
17AV00,2011,2012,145,eneheuvel,23-09-11
17AV00,2011,2013,145,eneheuvel,23-09-11
17AV00,2011,2014,146,eneheuvel,23-09-11
17AV00,2011,2015,145,eneheuvel,23-09-11
17BP00,2010,2010,231,eneheuvel,23-09-11
17BP00,2011,2011,249,eneheuvel,23-09-11
17BP00,2011,2016,221,eneheuvel,23-09-11
17BP00,2011,2017,219,eneheuvel,23-09-11
17BP00,2011,2018,213,eneheuvel,23-09-11
17BP00,2011,2019,213,eneheuvel,23-09-11
17BP00,2011,2020,213,eneheuvel,23-09-11
17BP00,2011,2025,210,eneheuvel,23-09-11
17BP00,2011,2030,210,eneheuvel,23-09-11
17BP00,2011,2035,210,eneheuvel,23-09-11
17BP00,2011,2012,244,eneheuvel,23-09-11
17BP00,2011,2013,238,eneheuvel,23-09-11
17BP00,2011,2014,231,eneheuvel,23-09-11
17BP00,2011,2015,223,eneheuvel,23-09-11
17DA00,2010,2010,128,eneheuvel,23-09-11
17DA00,2011,2011,106,eneheuvel,23-09-11
17DA00,2011,2016,104,eneheuvel,23-09-11
17DA00,2011,2017,106,eneheuvel,23-09-11
17DA00,2011,2018,109,eneheuvel,23-09-11
17DA00,2011,2019,110,eneheuvel,23-09-11
17DA00,2011,2020,110,eneheuvel,23-09-11
17DA00,2011,2025,110,eneheuvel,23-09-11
17DA00,2011,2030,109,eneheuvel,23-09-11
17DA00,2011,2035,109,eneheuvel,23-09-11
17DA00,2011,2012,101,eneheuvel,23-09-11
17DA00,2011,2013,99,eneheuvel,23-09-11
17DA00,2011,2014,99,eneheuvel,23-09-11
17DA00,2011,2015,101,eneheuvel,23-09-11
17DK00,2010,2010,119,eneheuvel,23-09-11
17DK00,2011,2011,139,eneheuvel,23-09-11
17DK00,2011,2016,132,eneheuvel,23-09-11
17DK00,2011,2017,127,eneheuvel,23-09-11
17DK00,2011,2018,119,eneheuvel,23-09-11
17DK00,2011,2019,120,eneheuvel,23-09-11
17DK00,2011,2020,121,eneheuvel,23-09-11
17DK00,2011,2025,120,eneheuvel,23-09-11
17DK00,2011,2030,118,eneheuvel,23-09-11
17DK00,2011,2035,118,eneheuvel,23-09-11
17DK00,2011,2012,145,eneheuvel,23-09-11
17DK00,2011,2013,146,eneheuvel,23-09-11
17DK00,2011,2014,147,eneheuvel,23-09-11
17DK00,2011,2015,140,eneheuvel,23-09-11
17DV00,2010,2010,296,eneheuvel,23-09-11
17DV00,2011,2011,329,eneheuvel,23-09-11
17DV00,2011,2016,301,eneheuvel,23-09-11
17DV00,2011,2017,299,eneheuvel,23-09-11
17DV00,2011,2018,296,eneheuvel,23-09-11
17DV00,2011,2019,299,eneheuvel,23-09-11
17DV00,2011,2020,300,eneheuvel,23-09-11
17DV00,2011,2025,298,eneheuvel,23-09-11
17DV00,2011,2030,293,eneheuvel,23-09-11
17DV00,2011,2035,291,eneheuvel,23-09-11
17DV00,2011,2012,329,eneheuvel,23-09-11
17DV00,2011,2013,323,eneheuvel,23-09-11
17DV00,2011,2014,316,eneheuvel,23-09-11
17DV00,2011,2015,307,eneheuvel,23-09-11
17FI00,2010,2010,214,eneheuvel,23-09-11
17FI00,2011,2011,204,eneheuvel,23-09-11
17FI00,2011,2016,202,eneheuvel,23-09-11
17FI00,2011,2017,203,eneheuvel,23-09-11
17FI00,2011,2018,205,eneheuvel,23-09-11
17FI00,2011,2019,209,eneheuvel,23-09-11
17FI00,2011,2020,213,eneheuvel,23-09-11
17FI00,2011,2025,238,eneheuvel,23-09-11
17FI00,2011,2030,269,eneheuvel,23-09-11
17FI00,2011,2035,297,eneheuvel,23-09-11
17FI00,2011,2012,205,eneheuvel,23-09-11
17FI00,2011,2013,204,eneheuvel,23-09-11
17FI00,2011,2014,204,eneheuvel,23-09-11
17FI00,2011,2015,204,eneheuvel,23-09-11
17LP00,2010,2010,138,eneheuvel,23-09-11
17LP00,2011,2011,141,eneheuvel,23-09-11
17LP00,2011,2016,150,eneheuvel,23-09-11
17LP00,2011,2017,149,eneheuvel,23-09-11
17LP00,2011,2018,149,eneheuvel,23-09-11
17LP00,2011,2019,152,eneheuvel,23-09-11
17LP00,2011,2020,152,eneheuvel,23-09-11
17LP00,2011,2025,151,eneheuvel,23-09-11
17LP00,2011,2030,150,eneheuvel,23-09-11
17LP00,2011,2035,150,eneheuvel,23-09-11
17LP00,2011,2012,144,eneheuvel,23-09-11
17LP00,2011,2013,148,eneheuvel,23-09-11
17LP00,2011,2014,148,eneheuvel,23-09-11
17LP00,2011,2015,149,eneheuvel,23-09-11
17MH00,2010,2010,130,eneheuvel,23-09-11
17MH00,2011,2011,263,eneheuvel,23-09-11
17MH00,2011,2016,228,eneheuvel,23-09-11
17MH00,2011,2017,230,eneheuvel,23-09-11
17MH00,2011,2018,231,eneheuvel,23-09-11
17MH00,2011,2019,234,eneheuvel,23-09-11
17MH00,2011,2020,235,eneheuvel,23-09-11
17MH00,2011,2025,231,eneheuvel,23-09-11
17MH00,2011,2030,231,eneheuvel,23-09-11
17MH00,2011,2035,231,eneheuvel,23-09-11
17MH00,2011,2012,248,eneheuvel,23-09-11
17MH00,2011,2013,240,eneheuvel,23-09-11
17MH00,2011,2014,231,eneheuvel,23-09-11
17MH00,2011,2015,229,eneheuvel,23-09-11
21KO00,2010,2010,187,eneheuvel,23-09-11
21KO00,2011,2011,300,eneheuvel,23-09-11
21KO00,2011,2016,300,eneheuvel,23-09-11
21KO00,2011,2017,304,eneheuvel,23-09-11
21KO00,2011,2018,311,eneheuvel,23-09-11
21KO00,2011,2019,311,eneheuvel,23-09-11
21KO00,2011,2020,310,eneheuvel,23-09-11
21KO00,2011,2025,310,eneheuvel,23-09-11
21KO00,2011,2030,309,eneheuvel,23-09-11
21KO00,2011,2035,310,eneheuvel,23-09-11
21KO00,2011,2012,297,eneheuvel,23-09-11
21KO00,2011,2013,291,eneheuvel,23-09-11
21KO00,2011,2014,294,eneheuvel,23-09-11
21KO00,2011,2015,299,eneheuvel,23-09-11
21NC00,2010,2010,173,eneheuvel,23-09-11
21NC00,2011,2011,166,eneheuvel,23-09-11
21NC00,2011,2016,153,eneheuvel,23-09-11
21NC00,2011,2017,146,eneheuvel,23-09-11
21NC00,2011,2018,140,eneheuvel,23-09-11
21NC00,2011,2019,142,eneheuvel,23-09-11
21NC00,2011,2020,144,eneheuvel,23-09-11
21NC00,2011,2025,146,eneheuvel,23-09-11
21NC00,2011,2030,147,eneheuvel,23-09-11
21NC00,2011,2035,146,eneheuvel,23-09-11
21NC00,2011,2012,170,eneheuvel,23-09-11
21NC00,2011,2013,168,eneheuvel,23-09-11
21NC00,2011,2014,164,eneheuvel,23-09-11
21NC00,2011,2015,158,eneheuvel,23-09-11
21ND00,2010,2010,196,eneheuvel,23-09-11
23ZV00,2011,2025,182,eneheuvel,23-09-11
23ZV00,2011,2030,185,eneheuvel,23-09-11
23ZV00,2011,2035,187,eneheuvel,23-09-11
23ZV00,2011,2012,209,eneheuvel,23-09-11
23ZV00,2011,2013,198,eneheuvel,23-09-11
23ZV00,2011,2014,186,eneheuvel,23-09-11
23ZV00,2011,2015,182,eneheuvel,23-09-11
23ZW00,2010,2010,450,eneheuvel,23-09-11
23ZW00,2011,2011,428,eneheuvel,23-09-11
23ZW00,2011,2016,374,eneheuvel,23-09-11
23ZW00,2011,2017,375,eneheuvel,23-09-11
23ZW00,2011,2018,379,eneheuvel,23-09-11
23ZW00,2011,2019,382,eneheuvel,23-09-11
23ZW00,2011,2020,382,eneheuvel,23-09-11
23ZW00,2011,2025,390,eneheuvel,23-09-11
23ZW00,2011,2030,392,eneheuvel,23-09-11
23ZW00,2011,2035,387,eneheuvel,23-09-11
23ZW00,2011,2012,416,eneheuvel,23-09-11
23ZW00,2011,2013,399,eneheuvel,23-09-11
23ZW00,2011,2014,383,eneheuvel,23-09-11
23ZW00,2011,2015,376,eneheuvel,23-09-11
23ZX00,2010,2010,347,eneheuvel,23-09-11
23ZX00,2011,2011,312,eneheuvel,23-09-11
23ZX00,2011,2016,264,eneheuvel,23-09-11
23ZX00,2011,2017,260,eneheuvel,23-09-11
23ZX00,2011,2018,258,eneheuvel,23-09-11
23ZX00,2011,2019,256,eneheuvel,23-09-11
23ZX00,2011,2020,255,eneheuvel,23-09-11
23ZX00,2011,2025,265,eneheuvel,23-09-11
23ZX00,2011,2030,294,eneheuvel,23-09-11
23ZX00,2011,2035,322,eneheuvel,23-09-11
23ZX00,2011,2012,299,eneheuvel,23-09-11
23ZX00,2011,2013,287,eneheuvel,23-09-11
23ZX00,2011,2014,275,eneheuvel,23-09-11
23ZX00,2011,2015,268,eneheuvel,23-09-11
23ZY00,2010,2010,330,eneheuvel,23-09-11
23ZY00,2011,2011,359,eneheuvel,23-09-11
23ZY00,2011,2016,319,eneheuvel,23-09-11
23ZY00,2011,2017,313,eneheuvel,23-09-11
23ZY00,2011,2018,310,eneheuvel,23-09-11
23ZY00,2011,2019,313,eneheuvel,23-09-11
23ZY00,2011,2020,315,eneheuvel,23-09-11
23ZY00,2011,2025,324,eneheuvel,23-09-11
23ZY00,2011,2030,328,eneheuvel,23-09-11
23ZY00,2011,2035,328,eneheuvel,23-09-11
23ZY00,2011,2012,363,eneheuvel,23-09-11
23ZY00,2011,2013,351,eneheuvel,23-09-11
23ZY00,2011,2014,337,eneheuvel,23-09-11
23ZY00,2011,2015,327,eneheuvel,23-09-11
24EJ00,2010,2010,235,eneheuvel,23-09-11
24EJ00,2011,2011,205,eneheuvel,23-09-11
24EJ00,2011,2016,226,eneheuvel,23-09-11
24EJ00,2011,2017,231,eneheuvel,23-09-11
24EJ00,2011,2018,237,eneheuvel,23-09-11
24EJ00,2011,2019,237,eneheuvel,23-09-11
24EJ00,2011,2020,236,eneheuvel,23-09-11
24EJ00,2011,2025,241,eneheuvel,23-09-11
24EJ00,2011,2030,254,eneheuvel,23-09-11
24EJ00,2011,2035,267,eneheuvel,23-09-11
24EJ00,2011,2012,205,eneheuvel,23-09-11
24EJ00,2011,2013,207,eneheuvel,23-09-11
24EJ00,2011,2014,213,eneheuvel,23-09-11
24EJ00,2011,2015,221,eneheuvel,23-09-11
24FT00,2010,2010,239,eneheuvel,23-09-11
24MR00,2010,2010,262,eneheuvel,23-09-11
24MR00,2011,2011,269,eneheuvel,23-09-11
24MR00,2011,2016,228,eneheuvel,23-09-11
24MR00,2011,2017,223,eneheuvel,23-09-11
24MR00,2011,2018,217,eneheuvel,23-09-11
24MR00,2011,2019,220,eneheuvel,23-09-11
24MR00,2011,2020,222,eneheuvel,23-09-11
24MR00,2011,2025,229,eneheuvel,23-09-11
24MR00,2011,2030,234,eneheuvel,23-09-11
24MR00,2011,2035,234,eneheuvel,23-09-11
24MR00,2011,2012,257,eneheuvel,23-09-11
24MR00,2011,2013,246,eneheuvel,23-09-11
24MR00,2011,2014,238,eneheuvel,23-09-11
24MR00,2011,2015,232,eneheuvel,23-09-11
24RK00,2010,2010,172,eneheuvel,23-09-11
24RK00,2011,2011,160,eneheuvel,23-09-11
24RK00,2011,2016,144,eneheuvel,23-09-11
24RK00,2011,2017,143,eneheuvel,23-09-11
24RK00,2011,2018,144,eneheuvel,23-09-11
24RK00,2011,2019,144,eneheuvel,23-09-11
24RK00,2011,2020,144,eneheuvel,23-09-11
24RK00,2011,2025,148,eneheuvel,23-09-11
24RK00,2011,2030,156,eneheuvel,23-09-11
24RK00,2011,2035,164,eneheuvel,23-09-11
24RK00,2011,2012,154,eneheuvel,23-09-11
24RK00,2011,2013,151,eneheuvel,23-09-11
24RK00,2011,2014,146,eneheuvel,23-09-11
24RK00,2011,2015,144,eneheuvel,23-09-11
24UN00,2010,2010,261,eneheuvel,23-09-11
24UN00,2011,2011,251,eneheuvel,23-09-11
24UN00,2011,2016,209,eneheuvel,23-09-11
24UN00,2011,2017,209,eneheuvel,23-09-11
24UN00,2011,2018,210,eneheuvel,23-09-11
24UN00,2011,2019,209,eneheuvel,23-09-11
24UN00,2011,2020,208,eneheuvel,23-09-11
24UN00,2011,2025,211,eneheuvel,23-09-11
24UN00,2011,2030,214,eneheuvel,23-09-11
24UN00,2011,2035,215,eneheuvel,23-09-11
24UN00,2011,2012,239,eneheuvel,23-09-11
24UN00,2011,2013,223,eneheuvel,23-09-11
24UN00,2011,2014,215,eneheuvel,23-09-11
24UN00,2011,2015,209,eneheuvel,23-09-11
25CF00,2010,2010,201,eneheuvel,23-09-11
25CF00,2011,2011,180,eneheuvel,23-09-11
25CF00,2011,2016,145,eneheuvel,23-09-11
25CF00,2011,2017,147,eneheuvel,23-09-11
25CF00,2011,2018,151,eneheuvel,23-09-11
25CF00,2011,2019,151,eneheuvel,23-09-11
25CF00,2011,2020,151,eneheuvel,23-09-11
25CF00,2011,2025,155,eneheuvel,23-09-11
25CF00,2011,2030,158,eneheuvel,23-09-11
25CF00,2011,2035,160,eneheuvel,23-09-11
25CF00,2011,2012,165,eneheuvel,23-09-11
25CF00,2011,2013,154,eneheuvel,23-09-11
25CF00,2011,2014,148,eneheuvel,23-09-11
25CF00,2011,2015,146,eneheuvel,23-09-11
25KT00,2010,2010,534,eneheuvel,23-09-11
25KT00,2011,2011,480,eneheuvel,23-09-11
25KT00,2011,2016,362,eneheuvel,23-09-11
25KT00,2011,2017,361,eneheuvel,23-09-11
25KT00,2011,2018,367,eneheuvel,23-09-11
25KT00,2011,2019,368,eneheuvel,23-09-11
25KT00,2011,2020,370,eneheuvel,23-09-11
25KT00,2011,2025,377,eneheuvel,23-09-11
25KT00,2011,2030,379,eneheuvel,23-09-11
25KT00,2011,2035,376,eneheuvel,23-09-11
25KT00,2011,2012,442,eneheuvel,23-09-11
25KT00,2011,2013,409,eneheuvel,23-09-11
25KT00,2011,2014,385,eneheuvel,23-09-11
25KT00,2011,2015,367,eneheuvel,23-09-11
25KU00,2010,2010,400,eneheuvel,23-09-11
25KU00,2011,2011,369,eneheuvel,23-09-11
25KU00,2011,2016,277,eneheuvel,23-09-11
25KU00,2011,2017,275,eneheuvel,23-09-11
25KU00,2011,2018,279,eneheuvel,23-09-11
25KU00,2011,2019,282,eneheuvel,23-09-11
25KU00,2011,2020,285,eneheuvel,23-09-11
25KU00,2011,2025,293,eneheuvel,23-09-11
25KU00,2011,2030,295,eneheuvel,23-09-11
25KU00,2011,2035,292,eneheuvel,23-09-11
25KU00,2011,2012,338,eneheuvel,23-09-11
25KU00,2011,2013,317,eneheuvel,23-09-11
25KU00,2011,2014,298,eneheuvel,23-09-11
25KU00,2011,2015,285,eneheuvel,23-09-11
25KV00,2010,2010,361,eneheuvel,23-09-11
25KV00,2011,2011,321,eneheuvel,23-09-11
25KV00,2011,2016,236,eneheuvel,23-09-11
25KV00,2011,2017,235,eneheuvel,23-09-11
25KV00,2011,2018,236,eneheuvel,23-09-11
25KV00,2011,2019,233,eneheuvel,23-09-11
25KV00,2011,2020,230,eneheuvel,23-09-11
25KV00,2011,2025,228,eneheuvel,23-09-11
25KV00,2011,2030,233,eneheuvel,23-09-11
25KV00,2011,2035,235,eneheuvel,23-09-11
25KV00,2011,2012,291,eneheuvel,23-09-11
25KV00,2011,2013,271,eneheuvel,23-09-11
25KV00,2011,2014,252,eneheuvel,23-09-11
25KV00,2011,2015,239,eneheuvel,23-09-11
26AB00,2010,2010,421,eneheuvel,23-09-11
26AB00,2011,2011,386,eneheuvel,23-09-11
26AB00,2011,2016,312,eneheuvel,23-09-11
26AB00,2011,2017,308,eneheuvel,23-09-11
26AB00,2011,2018,305,eneheuvel,23-09-11
26AB00,2011,2019,301,eneheuvel,23-09-11
26AB00,2011,2020,300,eneheuvel,23-09-11
26AB00,2011,2025,294,eneheuvel,23-09-11
26AB00,2011,2030,296,eneheuvel,23-09-11
26AB00,2011,2035,300,eneheuvel,23-09-11
26AB00,2011,2012,363,eneheuvel,23-09-11
26AB00,2011,2013,346,eneheuvel,23-09-11
26AB00,2011,2014,335,eneheuvel,23-09-11
26AB00,2011,2015,322,eneheuvel,23-09-11
26AC00,2010,2010,954,eneheuvel,23-09-11
26AC00,2011,2011,915,eneheuvel,23-09-11
26AC00,2011,2016,729,eneheuvel,23-09-11
26AC00,2011,2017,709,eneheuvel,23-09-11
26AC00,2011,2018,701,eneheuvel,23-09-11
26AC00,2011,2019,690,eneheuvel,23-09-11
26AC00,2011,2020,686,eneheuvel,23-09-11
26AC00,2011,2025,666,eneheuvel,23-09-11
26AC00,2011,2030,669,eneheuvel,23-09-11
26AC00,2011,2035,674,eneheuvel,23-09-11
26AC00,2011,2012,872,eneheuvel,23-09-11
26AC00,2011,2013,833,eneheuvel,23-09-11
26AC00,2011,2014,784,eneheuvel,23-09-11
26AC00,2011,2015,754,eneheuvel,23-09-11
26AD00,2010,2010,467,eneheuvel,23-09-11
26AD00,2011,2011,508,eneheuvel,23-09-11
26AD00,2011,2016,478,eneheuvel,23-09-11
26AD00,2011,2017,483,eneheuvel,23-09-11
26AD00,2011,2018,484,eneheuvel,23-09-11
26AD00,2011,2019,489,eneheuvel,23-09-11
26AD00,2011,2020,491,eneheuvel,23-09-11
26AD00,2011,2025,479,eneheuvel,23-09-11
26AD00,2011,2030,465,eneheuvel,23-09-11
26AD00,2011,2035,459,eneheuvel,23-09-11
26AD00,2011,2012,501,eneheuvel,23-09-11
26AD00,2011,2013,500,eneheuvel,23-09-11
26AD00,2011,2014,494,eneheuvel,23-09-11
26AD00,2011,2015,481,eneheuvel,23-09-11
26PD00,2010,2010,340,eneheuvel,23-09-11
26PD00,2011,2011,257,eneheuvel,23-09-11
26PD00,2011,2016,243,eneheuvel,23-09-11
26PD00,2011,2017,248,eneheuvel,23-09-11
26PD00,2011,2018,256,eneheuvel,23-09-11
26PD00,2011,2019,252,eneheuvel,23-09-11
26PD00,2011,2020,249,eneheuvel,23-09-11
26PD00,2011,2025,240,eneheuvel,23-09-11
26PD00,2011,2030,239,eneheuvel,23-09-11
26PD00,2011,2035,239,eneheuvel,23-09-11
26PD00,2011,2012,240,eneheuvel,23-09-11
26PD00,2011,2013,236,eneheuvel,23-09-11
26PD00,2011,2014,237,eneheuvel,23-09-11
26PD00,2011,2015,239,eneheuvel,23-09-11
26PE00,2010,2010,569,eneheuvel,23-09-11
26PE00,2011,2011,569,eneheuvel,23-09-11
26PE00,2011,2016,464,eneheuvel,23-09-11
26PE00,2011,2017,445,eneheuvel,23-09-11
26PE00,2011,2018,430,eneheuvel,23-09-11
26PE00,2011,2019,420,eneheuvel,23-09-11
26PE00,2011,2020,415,eneheuvel,23-09-11
26PE00,2011,2025,399,eneheuvel,23-09-11
26PE00,2011,2030,403,eneheuvel,23-09-11
26PE00,2011,2035,409,eneheuvel,23-09-11
26PE00,2011,2012,546,eneheuvel,23-09-11
26PE00,2011,2013,532,eneheuvel,23-09-11
26PE00,2011,2014,506,eneheuvel,23-09-11
26PE00,2011,2015,484,eneheuvel,23-09-11
26PF00,2010,2010,495,eneheuvel,23-09-11
26PF00,2011,2011,472,eneheuvel,23-09-11
26PF00,2011,2016,424,eneheuvel,23-09-11
26PF00,2011,2017,408,eneheuvel,23-09-11
26PF00,2011,2018,401,eneheuvel,23-09-11
26PF00,2011,2019,401,eneheuvel,23-09-11
26PF00,2011,2020,404,eneheuvel,23-09-11
26PF00,2011,2025,405,eneheuvel,23-09-11
26PF00,2011,2030,403,eneheuvel,23-09-11
26PF00,2011,2035,398,eneheuvel,23-09-11
26PF00,2011,2012,470,eneheuvel,23-09-11
26PF00,2011,2013,466,eneheuvel,23-09-11
26PF00,2011,2014,452,eneheuvel,23-09-11
26PF00,2011,2015,440,eneheuvel,23-09-11
26PG00,2010,2010,125,eneheuvel,23-09-11
26PG00,2011,2011,117,eneheuvel,23-09-11
26PG00,2011,2016,92,eneheuvel,23-09-11
26PG00,2011,2017,91,eneheuvel,23-09-11
26PG00,2011,2018,91,eneheuvel,23-09-11
26PG00,2011,2019,89,eneheuvel,23-09-11
26PG00,2011,2020,89,eneheuvel,23-09-11
26PG00,2011,2025,86,eneheuvel,23-09-11
26PG00,2011,2030,87,eneheuvel,23-09-11
26PG00,2011,2035,88,eneheuvel,23-09-11
26PG00,2011,2012,108,eneheuvel,23-09-11
26PG00,2011,2013,103,eneheuvel,23-09-11
26PG00,2011,2014,99,eneheuvel,23-09-11
26PG00,2011,2015,94,eneheuvel,23-09-11
26PH00,2010,2010,669,eneheuvel,23-09-11
26PH00,2011,2011,642,eneheuvel,23-09-11
26PH00,2011,2016,547,eneheuvel,23-09-11
26PH00,2011,2017,529,eneheuvel,23-09-11
26PH00,2011,2018,516,eneheuvel,23-09-11
26PH00,2011,2019,504,eneheuvel,23-09-11
26PH00,2011,2020,496,eneheuvel,23-09-11
26PH00,2011,2025,458,eneheuvel,23-09-11
26PH00,2011,2030,455,eneheuvel,23-09-11
26PH00,2011,2035,461,eneheuvel,23-09-11
26PH00,2011,2012,611,eneheuvel,23-09-11
26PH00,2011,2013,601,eneheuvel,23-09-11
26PH00,2011,2014,582,eneheuvel,23-09-11
26PH00,2011,2015,564,eneheuvel,23-09-11
26PW00,2010,2010,249,eneheuvel,23-09-11
26PW00,2011,2011,248,eneheuvel,23-09-11
26PW00,2011,2016,225,eneheuvel,23-09-11
26PW00,2011,2017,235,eneheuvel,23-09-11
26PW00,2011,2018,243,eneheuvel,23-09-11
26PW00,2011,2019,246,eneheuvel,23-09-11
26PW00,2011,2020,247,eneheuvel,23-09-11
26PW00,2011,2025,242,eneheuvel,23-09-11
26PW00,2011,2030,235,eneheuvel,23-09-11
26PW00,2011,2035,233,eneheuvel,23-09-11
26PW00,2011,2012,233,eneheuvel,23-09-11
26PW00,2011,2013,224,eneheuvel,23-09-11
26PW00,2011,2014,221,eneheuvel,23-09-11
26PW00,2011,2015,221,eneheuvel,23-09-11
26ZZ00,2010,2010,500,eneheuvel,23-09-11
26ZZ00,2011,2011,436,eneheuvel,23-09-11
26ZZ00,2011,2016,367,eneheuvel,23-09-11
26ZZ00,2011,2017,367,eneheuvel,23-09-11
26ZZ00,2011,2018,371,eneheuvel,23-09-11
26ZZ00,2011,2019,369,eneheuvel,23-09-11
26ZZ00,2011,2020,370,eneheuvel,23-09-11
26ZZ00,2011,2025,375,eneheuvel,23-09-11
26ZZ00,2011,2030,388,eneheuvel,23-09-11
26ZZ00,2011,2035,398,eneheuvel,23-09-11
26ZZ00,2011,2012,411,eneheuvel,23-09-11
26ZZ00,2011,2013,396,eneheuvel,23-09-11
26ZZ00,2011,2014,377,eneheuvel,23-09-11
26ZZ00,2011,2015,368,eneheuvel,23-09-11
27AA00,2010,2010,579,eneheuvel,23-09-11
27AA00,2011,2011,542,eneheuvel,23-09-11
27AA00,2011,2016,481,eneheuvel,23-09-11
27AA00,2011,2017,468,eneheuvel,23-09-11
27AA00,2011,2018,460,eneheuvel,23-09-11
27AA00,2011,2019,448,eneheuvel,23-09-11
27AA00,2011,2020,438,eneheuvel,23-09-11
27AA00,2011,2025,415,eneheuvel,23-09-11
27AA00,2011,2030,415,eneheuvel,23-09-11
27AA00,2011,2035,418,eneheuvel,23-09-11
27AA00,2011,2012,533,eneheuvel,23-09-11
27AA00,2011,2013,529,eneheuvel,23-09-11
27AA00,2011,2014,519,eneheuvel,23-09-11
27AA00,2011,2015,496,eneheuvel,23-09-11
27NU00,2010,2010,399,eneheuvel,23-09-11
27NU00,2011,2011,460,eneheuvel,23-09-11
27NU00,2011,2016,372,eneheuvel,23-09-11
27NU00,2011,2017,342,eneheuvel,23-09-11
27NU00,2011,2018,317,eneheuvel,23-09-11
27NU00,2011,2019,309,eneheuvel,23-09-11
27NU00,2011,2020,302,eneheuvel,23-09-11
27NU00,2011,2025,286,eneheuvel,23-09-11
27NU00,2011,2030,285,eneheuvel,23-09-11
27NU00,2011,2035,286,eneheuvel,23-09-11
27NU00,2011,2012,448,eneheuvel,23-09-11
27NU00,2011,2013,440,eneheuvel,23-09-11
27NU00,2011,2014,423,eneheuvel,23-09-11
27NU00,2011,2015,399,eneheuvel,23-09-11
27UB00,2010,2010,384,eneheuvel,23-09-11
27UB00,2011,2011,414,eneheuvel,23-09-11
27UB00,2011,2016,351,eneheuvel,23-09-11
27UB00,2011,2017,328,eneheuvel,23-09-11
27UB00,2011,2018,313,eneheuvel,23-09-11
27UB00,2011,2019,307,eneheuvel,23-09-11
27UB00,2011,2020,302,eneheuvel,23-09-11
27UB00,2011,2025,289,eneheuvel,23-09-11
27UB00,2011,2030,286,eneheuvel,23-09-11
27UB00,2011,2035,283,eneheuvel,23-09-11
27UB00,2011,2012,415,eneheuvel,23-09-11
27UB00,2011,2013,410,eneheuvel,23-09-11
27UB00,2011,2014,392,eneheuvel,23-09-11
27UB00,2011,2015,371,eneheuvel,23-09-11
27XH00,2010,2010,291,eneheuvel,23-09-11
27XH00,2011,2011,299,eneheuvel,23-09-11
27XH00,2011,2016,412,eneheuvel,23-09-11
27XH00,2011,2017,423,eneheuvel,23-09-11
27XH00,2011,2018,418,eneheuvel,23-09-11
27XH00,2011,2019,408,eneheuvel,23-09-11
27XH00,2011,2020,394,eneheuvel,23-09-11
27XH00,2011,2025,331,eneheuvel,23-09-11
27XH00,2011,2030,293,eneheuvel,23-09-11
27XH00,2011,2035,283,eneheuvel,23-09-11
27XH00,2011,2012,323,eneheuvel,23-09-11
27XH00,2011,2013,353,eneheuvel,23-09-11
27XH00,2011,2014,372,eneheuvel,23-09-11
27XH00,2011,2015,395,eneheuvel,23-09-11
27XJ00,2010,2010,421,eneheuvel,23-09-11
27XJ00,2011,2011,494,eneheuvel,23-09-11
27XJ00,2011,2016,491,eneheuvel,23-09-11
27XJ00,2011,2017,462,eneheuvel,23-09-11
27XJ00,2011,2018,434,eneheuvel,23-09-11
27XJ00,2011,2019,411,eneheuvel,23-09-11
27XJ00,2011,2020,390,eneheuvel,23-09-11
27XJ00,2011,2025,309,eneheuvel,23-09-11
27XJ00,2011,2030,289,eneheuvel,23-09-11
27XJ00,2011,2035,296,eneheuvel,23-09-11
27XJ00,2011,2012,517,eneheuvel,23-09-11
27XJ00,2011,2013,536,eneheuvel,23-09-11
27XJ00,2011,2014,534,eneheuvel,23-09-11
27XJ00,2011,2015,517,eneheuvel,23-09-11
27YN00,2010,2010,367,eneheuvel,23-09-11
27YN00,2011,2011,406,eneheuvel,23-09-11
27YN00,2011,2016,543,eneheuvel,23-09-11
27YN00,2011,2017,514,eneheuvel,23-09-11
27YN00,2011,2018,463,eneheuvel,23-09-11
27YN00,2011,2019,451,eneheuvel,23-09-11
27YN00,2011,2020,436,eneheuvel,23-09-11
27YN00,2011,2025,365,eneheuvel,23-09-11
27YN00,2011,2030,322,eneheuvel,23-09-11
27YN00,2011,2035,312,eneheuvel,23-09-11
27YN00,2011,2012,452,eneheuvel,23-09-11
27YN00,2011,2013,503,eneheuvel,23-09-11
27YN00,2011,2014,536,eneheuvel,23-09-11
27YN00,2011,2015,545,eneheuvel,23-09-11
28AM00,2010,2010,413,eneheuvel,23-09-11
28AM00,2011,2011,445,eneheuvel,23-09-11
28AM00,2011,2016,449,eneheuvel,23-09-11
28AM00,2011,2017,434,eneheuvel,23-09-11
28AM00,2011,2018,416,eneheuvel,23-09-11
28AM00,2011,2019,393,eneheuvel,23-09-11
28AM00,2011,2020,370,eneheuvel,23-09-11
28AM00,2011,2025,282,eneheuvel,23-09-11
28AM00,2011,2030,259,eneheuvel,23-09-11
28AM00,2011,2035,265,eneheuvel,23-09-11
28AM00,2011,2012,456,eneheuvel,23-09-11
28AM00,2011,2013,473,eneheuvel,23-09-11
28AM00,2011,2014,476,eneheuvel,23-09-11
28AM00,2011,2015,464,eneheuvel,23-09-11
28BR00,2010,2010,45,eneheuvel,23-09-11
28DJ00,2010,2010,146,eneheuvel,23-09-11
29UB00,2010,2010,225,eneheuvel,23-09-11
29UB00,2011,2011,360,eneheuvel,23-09-11
29UB00,2011,2016,230,eneheuvel,23-09-11
29UB00,2011,2017,232,eneheuvel,23-09-11
29UB00,2011,2018,247,eneheuvel,23-09-11
29UB00,2011,2019,255,eneheuvel,23-09-11
29UB00,2011,2020,268,eneheuvel,23-09-11
29UB00,2011,2025,262,eneheuvel,23-09-11
29UB00,2011,2030,235,eneheuvel,23-09-11
29UB00,2011,2035,217,eneheuvel,23-09-11
29UB00,2011,2012,425,eneheuvel,23-09-11
29UB00,2011,2013,398,eneheuvel,23-09-11
29UB00,2011,2014,333,eneheuvel,23-09-11
29UB00,2011,2015,232,eneheuvel,23-09-11
29UN00,2010,2010,138,eneheuvel,23-09-11
29UN00,2011,2011,72,eneheuvel,23-09-11
29UN00,2011,2016,67,eneheuvel,23-09-11
29UN00,2011,2017,67,eneheuvel,23-09-11
29UN00,2011,2018,67,eneheuvel,23-09-11
29UN00,2011,2019,67,eneheuvel,23-09-11
29UN00,2011,2020,67,eneheuvel,23-09-11
29UN00,2011,2025,67,eneheuvel,23-09-11
29UN00,2011,2030,67,eneheuvel,23-09-11
29UN00,2011,2035,67,eneheuvel,23-09-11
29UN00,2011,2012,70,eneheuvel,23-09-11
29UN00,2011,2013,69,eneheuvel,23-09-11
29UN00,2011,2014,68,eneheuvel,23-09-11
29UN00,2011,2015,68,eneheuvel,23-09-11
29XC00,2010,2010,42,eneheuvel,23-09-11
29XC00,2011,2011,45,eneheuvel,23-09-11
29XC00,2011,2016,158,eneheuvel,23-09-11
29XC00,2011,2017,177,eneheuvel,23-09-11
29XC00,2011,2018,208,eneheuvel,23-09-11
29XC00,2011,2019,238,eneheuvel,23-09-11
29XC00,2011,2020,278,eneheuvel,23-09-11
29XC00,2011,2025,376,eneheuvel,23-09-11
29XC00,2011,2030,392,eneheuvel,23-09-11
29XC00,2011,2035,343,eneheuvel,23-09-11
29XC00,2011,2012,79,eneheuvel,23-09-11
29XC00,2011,2013,120,eneheuvel,23-09-11
29XC00,2011,2014,135,eneheuvel,23-09-11
29XC00,2011,2015,149,eneheuvel,23-09-11
29XT00,2010,2010,76,eneheuvel,23-09-11
29XT00,2011,2011,110,eneheuvel,23-09-11
29XT00,2011,2016,154,eneheuvel,23-09-11
29XT00,2011,2017,167,eneheuvel,23-09-11
29XT00,2011,2018,193,eneheuvel,23-09-11
29XT00,2011,2019,217,eneheuvel,23-09-11
29XT00,2011,2020,247,eneheuvel,23-09-11
29XT00,2011,2025,307,eneheuvel,23-09-11
29XT00,2011,2030,305,eneheuvel,23-09-11
29XT00,2011,2035,267,eneheuvel,23-09-11
29XT00,2011,2012,128,eneheuvel,23-09-11
29XT00,2011,2013,122,eneheuvel,23-09-11
29XT00,2011,2014,136,eneheuvel,23-09-11
29XT00,2011,2015,149,eneheuvel,23-09-11
29XU00,2010,2010,56,eneheuvel,23-09-11
29XU00,2011,2011,61,eneheuvel,23-09-11
29XU00,2011,2016,103,eneheuvel,23-09-11
29XU00,2011,2017,117,eneheuvel,23-09-11
29XU00,2011,2018,138,eneheuvel,23-09-11
29XU00,2011,2019,159,eneheuvel,23-09-11
29XU00,2011,2020,187,eneheuvel,23-09-11
29XU00,2011,2025,262,eneheuvel,23-09-11
29XU00,2011,2030,278,eneheuvel,23-09-11
29XU00,2011,2035,244,eneheuvel,23-09-11
29XU00,2011,2012,76,eneheuvel,23-09-11
29XU00,2011,2013,79,eneheuvel,23-09-11
29XU00,2011,2014,88,eneheuvel,23-09-11
29XU00,2011,2015,97,eneheuvel,23-09-11
29XX00,2010,2010,140,eneheuvel,23-09-11
29XX00,2011,2011,186,eneheuvel,23-09-11
29XX00,2011,2016,257,eneheuvel,23-09-11
29XX00,2011,2017,255,eneheuvel,23-09-11
29XX00,2011,2018,258,eneheuvel,23-09-11
29XX00,2011,2019,262,eneheuvel,23-09-11
29XX00,2011,2020,267,eneheuvel,23-09-11
29XX00,2011,2025,286,eneheuvel,23-09-11
29XX00,2011,2030,300,eneheuvel,23-09-11
29XX00,2011,2035,312,eneheuvel,23-09-11
29XX00,2011,2012,271,eneheuvel,23-09-11
29XX00,2011,2013,267,eneheuvel,23-09-11
29XX00,2011,2014,262,eneheuvel,23-09-11
29XX00,2011,2015,259,eneheuvel,23-09-11
30AJ00,2010,2010,58,eneheuvel,23-09-11
30AJ00,2011,2011,177,eneheuvel,23-09-11
30AJ00,2011,2016,189,eneheuvel,23-09-11
30AJ00,2011,2017,191,eneheuvel,23-09-11
30AJ00,2011,2018,206,eneheuvel,23-09-11
30AJ00,2011,2019,213,eneheuvel,23-09-11
30AJ00,2011,2020,225,eneheuvel,23-09-11
30AJ00,2011,2025,213,eneheuvel,23-09-11
30AJ00,2011,2030,184,eneheuvel,23-09-11
30AJ00,2011,2035,167,eneheuvel,23-09-11
30AJ00,2011,2012,188,eneheuvel,23-09-11
30AJ00,2011,2013,152,eneheuvel,23-09-11
30AJ00,2011,2014,180,eneheuvel,23-09-11
30AJ00,2011,2015,190,eneheuvel,23-09-11
06RM00,2011,2009,244,eneheuvel,26-09-11
12HU00,2011,2009,125,eneheuvel,26-09-11
12QK00,2011,2009,260,eneheuvel,26-09-11
12XA00,2011,2009,118,eneheuvel,26-09-11
13CW00,2011,2009,193,eneheuvel,26-09-11
13IF00,2011,2009,171,eneheuvel,26-09-11
13IU00,2011,2009,171,eneheuvel,26-09-11
13NH00,2011,2009,252,eneheuvel,26-09-11
13NU00,2011,2009,331,eneheuvel,26-09-11
14QC00,2011,2009,526,eneheuvel,26-09-11
15SJ00,2011,2009,306,eneheuvel,26-09-11
15ZL00,2011,2009,207,eneheuvel,26-09-11
15ZL01,2011,2009,178,eneheuvel,26-09-11
16KK00,2011,2009,381,eneheuvel,26-09-11
16LJ00,2011,2009,135,eneheuvel,26-09-11
16ML00,2011,2009,338,eneheuvel,26-09-11
16OC00,2011,2009,406,eneheuvel,26-09-11
16UK00,2011,2009,172,eneheuvel,26-09-11
16WV00,2011,2009,139,eneheuvel,26-09-11
16YS00,2011,2009,185,eneheuvel,26-09-11
16ZG00,2011,2009,153,eneheuvel,26-09-11
16ZX00,2011,2009,100,eneheuvel,26-09-11
17AK00,2011,2009,133,eneheuvel,26-09-11
17AV00,2011,2009,167,eneheuvel,26-09-11
17BP00,2011,2009,258,eneheuvel,26-09-11
17DA00,2011,2009,120,eneheuvel,26-09-11
17DK00,2011,2009,105,eneheuvel,26-09-11
17DV00,2011,2009,312,eneheuvel,26-09-11
17FI00,2011,2009,251,eneheuvel,26-09-11
17LP00,2011,2009,120,eneheuvel,26-09-11
17MH00,2011,2009,135,eneheuvel,26-09-11
21KO00,2011,2009,180,eneheuvel,26-09-11
21NC00,2011,2009,155,eneheuvel,26-09-11
21ND00,2011,2009,174,eneheuvel,26-09-11
22KP00,2011,2009,364,eneheuvel,26-09-11
22KQ00,2011,2009,169,eneheuvel,26-09-11
23EP00,2011,2009,61,eneheuvel,26-09-11
23ER00,2011,2009,163,eneheuvel,26-09-11
23ET00,2011,2009,214,eneheuvel,26-09-11
23EU00,2011,2009,227,eneheuvel,26-09-11
23EV00,2011,2009,325,eneheuvel,26-09-11
23EY00,2011,2009,356,eneheuvel,26-09-11
23ZU00,2011,2009,567,eneheuvel,26-09-11
23ZV00,2011,2009,288,eneheuvel,26-09-11
23ZW00,2011,2009,498,eneheuvel,26-09-11
23ZX00,2011,2009,334,eneheuvel,26-09-11
23ZY00,2011,2009,334,eneheuvel,26-09-11
24EJ00,2011,2009,230,eneheuvel,26-09-11
24FT00,2011,2009,215,eneheuvel,26-09-11
24MR00,2011,2009,287,eneheuvel,26-09-11
24RK00,2011,2009,178,eneheuvel,26-09-11
24UN00,2011,2009,259,eneheuvel,26-09-11
25CF00,2011,2009,216,eneheuvel,26-09-11
25KT00,2011,2009,602,eneheuvel,26-09-11
25KU00,2011,2009,430,eneheuvel,26-09-11
25KV00,2011,2009,374,eneheuvel,26-09-11
26AB00,2011,2009,437,eneheuvel,26-09-11
26AC00,2011,2009,964,eneheuvel,26-09-11
26AD00,2011,2009,506,eneheuvel,26-09-11
26PD00,2011,2009,434,eneheuvel,26-09-11
26PE00,2011,2009,601,eneheuvel,26-09-11
26PF00,2011,2009,472,eneheuvel,26-09-11
26PG00,2011,2009,157,eneheuvel,26-09-11
26PH00,2011,2009,670,eneheuvel,26-09-11
26PW00,2011,2009,291,eneheuvel,26-09-11
26ZZ00,2011,2009,509,eneheuvel,26-09-11
27AA00,2011,2009,585,eneheuvel,26-09-11
27NU00,2011,2009,367,eneheuvel,26-09-11
27UB00,2011,2009,323,eneheuvel,26-09-11
27XH00,2011,2009,285,eneheuvel,26-09-11
27XJ00,2011,2009,369,eneheuvel,26-09-11
27YN00,2011,2009,220,eneheuvel,26-09-11
28AM00,2011,2009,394,eneheuvel,26-09-11
28BR00,2011,2009,74,eneheuvel,26-09-11
28DJ00,2011,2009,187,eneheuvel,26-09-11
29UB00,2011,2009,85,eneheuvel,26-09-11
29UN00,2011,2009,82,eneheuvel,26-09-11
29XC00,2011,2009,11,eneheuvel,26-09-11
29XT00,2011,2009,22,eneheuvel,26-09-11
29XU00,2011,2009,12,eneheuvel,26-09-11
29XX00,2011,2009,91,eneheuvel,26-09-11
30AJ00,2011,2009,37,eneheuvel,26-09-11
06RM00,2011,2008,273,eneheuvel,26-09-11
12HU00,2011,2008,133,eneheuvel,26-09-11
12PM00,2011,2008,258,eneheuvel,26-09-11
12QK00,2011,2008,259,eneheuvel,26-09-11
12XA00,2011,2008,115,eneheuvel,26-09-11
13CW00,2011,2008,187,eneheuvel,26-09-11
13IF00,2011,2008,194,eneheuvel,26-09-11
13IU00,2011,2008,150,eneheuvel,26-09-11
13NH00,2011,2008,251,eneheuvel,26-09-11
13NU00,2011,2008,334,eneheuvel,26-09-11
14QC00,2011,2008,504,eneheuvel,26-09-11
15SJ00,2011,2008,301,eneheuvel,26-09-11
15ZL00,2011,2008,203,eneheuvel,26-09-11
15ZL01,2011,2008,159,eneheuvel,26-09-11
16KK00,2011,2008,422,eneheuvel,26-09-11
16LJ00,2011,2008,154,eneheuvel,26-09-11
16ML00,2011,2008,303,eneheuvel,26-09-11
16OC00,2011,2008,291,eneheuvel,26-09-11
16UK00,2011,2008,179,eneheuvel,26-09-11
16WV00,2011,2008,171,eneheuvel,26-09-11
16YS00,2011,2008,214,eneheuvel,26-09-11
16ZG00,2011,2008,163,eneheuvel,26-09-11
16ZX00,2011,2008,118,eneheuvel,26-09-11
17AK00,2011,2008,154,eneheuvel,26-09-11
17AV00,2011,2008,161,eneheuvel,26-09-11
17BP00,2011,2008,275,eneheuvel,26-09-11
17DA00,2011,2008,134,eneheuvel,26-09-11
17DK00,2011,2008,87,eneheuvel,26-09-11
17DV00,2011,2008,334,eneheuvel,26-09-11
17FI00,2011,2008,262,eneheuvel,26-09-11
17LP00,2011,2008,106,eneheuvel,26-09-11
17MH00,2011,2008,133,eneheuvel,26-09-11
21KO00,2011,2008,199,eneheuvel,26-09-11
21NC00,2011,2008,126,eneheuvel,26-09-11
21ND00,2011,2008,203,eneheuvel,26-09-11
22KP00,2011,2008,353,eneheuvel,26-09-11
22KQ00,2011,2008,198,eneheuvel,26-09-11
23EP00,2011,2008,90,eneheuvel,26-09-11
23ER00,2011,2008,183,eneheuvel,26-09-11
23ET00,2011,2008,237,eneheuvel,26-09-11
23EU00,2011,2008,243,eneheuvel,26-09-11
23EV00,2011,2008,370,eneheuvel,26-09-11
23EY00,2011,2008,383,eneheuvel,26-09-11
23ZU00,2011,2008,567,eneheuvel,26-09-11
23ZV00,2011,2008,312,eneheuvel,26-09-11
23ZW00,2011,2008,489,eneheuvel,26-09-11
23ZX00,2011,2008,321,eneheuvel,26-09-11
23ZY00,2011,2008,370,eneheuvel,26-09-11
24EJ00,2011,2008,227,eneheuvel,26-09-11
24FT00,2011,2008,206,eneheuvel,26-09-11
24MR00,2011,2008,322,eneheuvel,26-09-11
24RK00,2011,2008,170,eneheuvel,26-09-11
24UN00,2011,2008,315,eneheuvel,26-09-11
25CF00,2011,2008,253,eneheuvel,26-09-11
25KT00,2011,2008,620,eneheuvel,26-09-11
25KU00,2011,2008,439,eneheuvel,26-09-11
25KV00,2011,2008,426,eneheuvel,26-09-11
26AB00,2011,2008,443,eneheuvel,26-09-11
26AC00,2011,2008,986,eneheuvel,26-09-11
26AD00,2011,2008,512,eneheuvel,26-09-11
26PD00,2011,2008,476,eneheuvel,26-09-11
26PE00,2011,2008,602,eneheuvel,26-09-11
26PF00,2011,2008,440,eneheuvel,26-09-11
26PG00,2011,2008,169,eneheuvel,26-09-11
26PH00,2011,2008,646,eneheuvel,26-09-11
26PW00,2011,2008,301,eneheuvel,26-09-11
26ZZ00,2011,2008,523,eneheuvel,26-09-11
27AA00,2011,2008,573,eneheuvel,26-09-11
27NU00,2011,2008,358,eneheuvel,26-09-11
27UB00,2011,2008,315,eneheuvel,26-09-11
27XH00,2011,2008,274,eneheuvel,26-09-11
27XJ00,2011,2008,288,eneheuvel,26-09-11
27YN00,2011,2008,200,eneheuvel,26-09-11
28AM00,2011,2008,330,eneheuvel,26-09-11
28BR00,2011,2008,126,eneheuvel,26-09-11
28DJ00,2011,2008,178,eneheuvel,26-09-11
29UB00,2011,2008,26,eneheuvel,26-09-11
29UN00,2011,2008,74,eneheuvel,26-09-11
06RM00,2011,2007,285,eneheuvel,26-09-11
12HU00,2011,2007,147,eneheuvel,26-09-11
12PM00,2011,2007,225,eneheuvel,26-09-11
12QK00,2011,2007,283,eneheuvel,26-09-11
12XA00,2011,2007,132,eneheuvel,26-09-11
13CW00,2011,2007,204,eneheuvel,26-09-11
13IF00,2011,2007,177,eneheuvel,26-09-11
13IU00,2011,2007,157,eneheuvel,26-09-11
13NH00,2011,2007,231,eneheuvel,26-09-11
13NU00,2011,2007,333,eneheuvel,26-09-11
14QC00,2011,2007,468,eneheuvel,26-09-11
15SJ00,2011,2007,326,eneheuvel,26-09-11
15ZL00,2011,2007,197,eneheuvel,26-09-11
15ZL01,2011,2007,186,eneheuvel,26-09-11
16CK00,2011,2007,105,eneheuvel,26-09-11
16KK00,2011,2007,428,eneheuvel,26-09-11
16LJ00,2011,2007,163,eneheuvel,26-09-11
16ML00,2011,2007,283,eneheuvel,26-09-11
16OC00,2011,2007,306,eneheuvel,26-09-11
16UK00,2011,2007,181,eneheuvel,26-09-11
16WV00,2011,2007,170,eneheuvel,26-09-11
16YS00,2011,2007,187,eneheuvel,26-09-11
16ZG00,2011,2007,180,eneheuvel,26-09-11
16ZX00,2011,2007,148,eneheuvel,26-09-11
17AK00,2011,2007,149,eneheuvel,26-09-11
17AV00,2011,2007,164,eneheuvel,26-09-11
17BP00,2011,2007,314,eneheuvel,26-09-11
17DA00,2011,2007,144,eneheuvel,26-09-11
17DK00,2011,2007,103,eneheuvel,26-09-11
17DV00,2011,2007,309,eneheuvel,26-09-11
17FI00,2011,2007,280,eneheuvel,26-09-11
17LP00,2011,2007,132,eneheuvel,26-09-11
17MH00,2011,2007,167,eneheuvel,26-09-11
21KO00,2011,2007,226,eneheuvel,26-09-11
21NC00,2011,2007,118,eneheuvel,26-09-11
21ND00,2011,2007,233,eneheuvel,26-09-11
22KP00,2011,2007,383,eneheuvel,26-09-11
22KQ00,2011,2007,230,eneheuvel,26-09-11
23EP00,2011,2007,116,eneheuvel,26-09-11
23ER00,2011,2007,216,eneheuvel,26-09-11
23ET00,2011,2007,249,eneheuvel,26-09-11
23EU00,2011,2007,278,eneheuvel,26-09-11
23EV00,2011,2007,401,eneheuvel,26-09-11
23EY00,2011,2007,347,eneheuvel,26-09-11
23ZU00,2011,2007,589,eneheuvel,26-09-11
23ZV00,2011,2007,335,eneheuvel,26-09-11
23ZW00,2011,2007,473,eneheuvel,26-09-11
23ZX00,2011,2007,308,eneheuvel,26-09-11
23ZY00,2011,2007,406,eneheuvel,26-09-11
24EJ00,2011,2007,287,eneheuvel,26-09-11
24FT00,2011,2007,226,eneheuvel,26-09-11
24MR00,2011,2007,385,eneheuvel,26-09-11
24RK00,2011,2007,209,eneheuvel,26-09-11
24UN00,2011,2007,337,eneheuvel,26-09-11
25CF00,2011,2007,313,eneheuvel,26-09-11
25KT00,2011,2007,560,eneheuvel,26-09-11
25KU00,2011,2007,434,eneheuvel,26-09-11
25KV00,2011,2007,434,eneheuvel,26-09-11
26AB00,2011,2007,468,eneheuvel,26-09-11
26AC00,2011,2007,964,eneheuvel,26-09-11
26AD00,2011,2007,488,eneheuvel,26-09-11
26PD00,2011,2007,547,eneheuvel,26-09-11
26PE00,2011,2007,575,eneheuvel,26-09-11
26PF00,2011,2007,435,eneheuvel,26-09-11
26PG00,2011,2007,193,eneheuvel,26-09-11
26PH00,2011,2007,654,eneheuvel,26-09-11
26PW00,2011,2007,303,eneheuvel,26-09-11
26ZZ00,2011,2007,488,eneheuvel,26-09-11
27AA00,2011,2007,501,eneheuvel,26-09-11
27NU00,2011,2007,308,eneheuvel,26-09-11
27UB00,2011,2007,249,eneheuvel,26-09-11
27XH00,2011,2007,195,eneheuvel,26-09-11
27XJ00,2011,2007,250,eneheuvel,26-09-11
27YN00,2011,2007,149,eneheuvel,26-09-11
28AM00,2011,2007,239,eneheuvel,26-09-11
28BR00,2011,2007,107,eneheuvel,26-09-11
28DJ00,2011,2007,134,eneheuvel,26-09-11
06RM00,2011,2006,251,eneheuvel,26-09-11
12HU00,2011,2006,156,eneheuvel,26-09-11
12PM00,2011,2006,209,eneheuvel,26-09-11
12QK00,2011,2006,303,eneheuvel,26-09-11
12XA00,2011,2006,130,eneheuvel,26-09-11
13CW00,2011,2006,242,eneheuvel,26-09-11
13IF00,2011,2006,186,eneheuvel,26-09-11
13IU00,2011,2006,164,eneheuvel,26-09-11
13NH00,2011,2006,211,eneheuvel,26-09-11
13NU00,2011,2006,337,eneheuvel,26-09-11
14QC00,2011,2006,444,eneheuvel,26-09-11
15SJ00,2011,2006,353,eneheuvel,26-09-11
15ZL00,2011,2006,200,eneheuvel,26-09-11
15ZL01,2011,2006,179,eneheuvel,26-09-11
16CK00,2011,2006,93,eneheuvel,26-09-11
16KK00,2011,2006,440,eneheuvel,26-09-11
16LJ00,2011,2006,170,eneheuvel,26-09-11
16ML00,2011,2006,295,eneheuvel,26-09-11
16OC00,2011,2006,308,eneheuvel,26-09-11
16UK00,2011,2006,168,eneheuvel,26-09-11
16WV00,2011,2006,167,eneheuvel,26-09-11
16YS00,2011,2006,191,eneheuvel,26-09-11
16ZG00,2011,2006,190,eneheuvel,26-09-11
16ZX00,2011,2006,217,eneheuvel,26-09-11
17AK00,2011,2006,173,eneheuvel,26-09-11
17AV00,2011,2006,174,eneheuvel,26-09-11
17BP00,2011,2006,302,eneheuvel,26-09-11
17DA00,2011,2006,157,eneheuvel,26-09-11
17DK00,2011,2006,119,eneheuvel,26-09-11
17DV00,2011,2006,317,eneheuvel,26-09-11
17FI00,2011,2006,305,eneheuvel,26-09-11
17LP00,2011,2006,149,eneheuvel,26-09-11
17MH00,2011,2006,205,eneheuvel,26-09-11
21KO00,2011,2006,244,eneheuvel,26-09-11
21NC00,2011,2006,118,eneheuvel,26-09-11
21ND00,2011,2006,266,eneheuvel,26-09-11
22KP00,2011,2006,397,eneheuvel,26-09-11
22KQ00,2011,2006,260,eneheuvel,26-09-11
23EP00,2011,2006,160,eneheuvel,26-09-11
23ER00,2011,2006,220,eneheuvel,26-09-11
23ET00,2011,2006,270,eneheuvel,26-09-11
23EU00,2011,2006,299,eneheuvel,26-09-11
23EV00,2011,2006,415,eneheuvel,26-09-11
23EY00,2011,2006,348,eneheuvel,26-09-11
23ZU00,2011,2006,572,eneheuvel,26-09-11
23ZV00,2011,2006,369,eneheuvel,26-09-11
23ZW00,2011,2006,463,eneheuvel,26-09-11
23ZX00,2011,2006,303,eneheuvel,26-09-11
23ZY00,2011,2006,418,eneheuvel,26-09-11
24EJ00,2011,2006,271,eneheuvel,26-09-11
24FT00,2011,2006,228,eneheuvel,26-09-11
24MR00,2011,2006,469,eneheuvel,26-09-11
24RK00,2011,2006,207,eneheuvel,26-09-11
24UN00,2011,2006,339,eneheuvel,26-09-11
25CF00,2011,2006,350,eneheuvel,26-09-11
25KT00,2011,2006,550,eneheuvel,26-09-11
25KU00,2011,2006,439,eneheuvel,26-09-11
25KV00,2011,2006,445,eneheuvel,26-09-11
26AB00,2011,2006,512,eneheuvel,26-09-11
26AC00,2011,2006,867,eneheuvel,26-09-11
26AD00,2011,2006,462,eneheuvel,26-09-11
26PD00,2011,2006,550,eneheuvel,26-09-11
26PE00,2011,2006,555,eneheuvel,26-09-11
26PF00,2011,2006,447,eneheuvel,26-09-11
26PG00,2011,2006,226,eneheuvel,26-09-11
26PH00,2011,2006,572,eneheuvel,26-09-11
26PW00,2011,2006,307,eneheuvel,26-09-11
26ZZ00,2011,2006,472,eneheuvel,26-09-11
27AA00,2011,2006,484,eneheuvel,26-09-11
27NU00,2011,2006,303,eneheuvel,26-09-11
27UB00,2011,2006,216,eneheuvel,26-09-11
27XH00,2011,2006,93,eneheuvel,26-09-11
27XJ00,2011,2006,223,eneheuvel,26-09-11
27YN00,2011,2006,104,eneheuvel,26-09-11
28AM00,2011,2006,109,eneheuvel,26-09-11
28BR00,2011,2006,85,eneheuvel,26-09-11
